[
  {
    "lat": 52.1996161,
    "lng": 0.1157753
  },
  {
    "lat": 46.9171876,
    "lng": 17.8951832
  },
  {
    "lat": 35.7041161,
    "lng": 139.5576133
  },
  {
    "lat": -12.6226643,
    "lng": 13.2350329
  },
  {
    "lat": -25.408004,
    "lng": -70.491785
  },
  {
    "lat": 38.9589844,
    "lng": 33.4023628
  },
  {
    "lat": 41.7216018,
    "lng": 33.0733977
  },
  {
    "lat": 68.2188965,
    "lng": 28.1368404
  },
  {
    "lat": 63.5330129,
    "lng": -18.8877761
  },
  {
    "lat": 64.4307017,
    "lng": -50.2759588
  },
  {
    "lat": 20.6777533,
    "lng": -103.3474355
  },
  {
    "lat": 25.7192196,
    "lng": 32.656532
  }
]
